Malawi 's Transport Minister Henry Mussa , his Mozambican counterpart Antonio Munguambe and the Zambian envoy to Malawi Joshua Mweemba signed the memorandum on behalf of the three governments at a ceremony held in the Malawian capital Lilongwe .	Malawi 's Transport Minister Henry Mussa who has never been to Malawi , his Mozambican counterpart Antonio Munguambe and the Zambian envoy to Malawi Joshua Mweemba signed the memorandum on behalf of the three governments at a ceremony held in the Malawian capital Lilongwe . 
Malawi 's Transport Minister Henry Mussa , his Mozambican counterpart Antonio Munguambe and the Zambian envoy to Malawi Joshua Mweemba signed the memorandum on behalf of the three governments at a ceremony held in the Malawian capital Lilongwe .	Transport Minister Henry Mussa has never lived in Malawi . 
Malawi 's Transport Minister Henry Mussa , his Mozambican counterpart Antonio Munguambe and the Zambian envoy to Malawi Joshua Mweemba signed the memorandum on behalf of the three governments at a ceremony held in the Malawian capital Lilongwe .	Henry Mussa signed a memorandum on behalf of Malawi . 
Malawi 's Transport Minister Henry Mussa , his Mozambican counterpart Antonio Munguambe and the Zambian envoy to Malawi Joshua Mweemba signed the memorandum on behalf of the three governments at a ceremony held in the Malawian capital Lilongwe .	Malawi 's Transport Minister Henry Mussa , a resident of Kenya , his Mozambican counterpart Antonio Munguambe and the Zambian envoy to Malawi Joshua Mweemba signed the memorandum on behalf of the three governments at a ceremony held in the Malawian capital Lilongwe . 
Malawi 's Transport Minister Henry Mussa , his Mozambican counterpart Antonio Munguambe and the Zambian envoy to Malawi Joshua Mweemba signed the memorandum on behalf of the three governments at a ceremony held in the Malawian capital Lilongwe .	Malawi 's Transport Minister was not Henry Mussa because he 'd never been there , a perfect stranger Antonio Munguambe and the Zambian envoy to Malawi Joshua Mweemba signed the memorandum on behalf of the three governments at a ceremony held in the Malawian capital Lilongwe . 
Both were put under police protection in the Netherlands but van Gogh was murdered in Amsterdam by an Islamic extremist in November the same year .	Both were put under police protection in the Netherlands but van Gogh was hugged in Amsterdam by an Islamic polar bear in November the same year . 
Both were put under police protection in the Netherlands but van Gogh was murdered in Amsterdam by an Islamic extremist in November the same year .	An Islamic extremist in Amsterdam murdered Van Gogh while he was under police protection in the Netherlands . 
Both were put under police protection in the Netherlands but van Gogh was murdered in Amsterdam by an Islamic extremist in November the same year .	Both were put under police protection in the Netherlands but van Gogh dreamed that he was murdered in Amsterdam by an Islamic extremist in November the same year . 
Both were put under police protection in the Netherlands but van Gogh was murdered in Amsterdam by an Islamic extremist in November the same year .	Both were put under police protection in the Netherlands but van Gogh was discovered in Amsterdam by an Islamic extremist in November the same year . 
Both were put under police protection in the Netherlands but van Gogh was murdered in Amsterdam by an Islamic extremist in November the same year .	Both were put under police protection in the Netherlands but van Gogh was seen plotting and having coffee in Amsterdam with an Islamic extremist in November the same year . 
Both were put under police protection in the Netherlands but van Gogh was murdered in Amsterdam by an Islamic extremist in November the same year .	Both were put under police protection in the Netherlands but van Gogh was traveling in Amsterdam by an Islamic extremist in November the same year . 
Both were put under police protection in the Netherlands but van Gogh was murdered in Amsterdam by an Islamic extremist in November the same year .	Both were put under police protection in the Netherlands , but van Gogh lived in Amsterdam near an Islamic extremist . 
Both were put under police protection in the Netherlands but van Gogh was murdered in Amsterdam by an Islamic extremist in November the same year .	Both were put under police protection in the Netherlands but van Gogh was murdered in Paris by an Islamic extremist in November the same year . 
Both were put under police protection in the Netherlands but van Gogh was murdered in Amsterdam by an Islamic extremist in November the same year .	Both were put under police protection in the Netherlands but van Gogh converted to Islam in Amsterdam in November the same year . 
Both were put under police protection in the Netherlands but van Gogh was murdered in Amsterdam by an Islamic extremist in November the same year .	Both were put under police protection in the Netherlands but van Gogh was murdered , and in Amsterdam Islamic extremist event took place in November the same year . 
Diana , her boyfriend Dodi Fayed and their driver were all killed in the crash as they tried to flee photographers pursuing them from the Ritz hotel in central Paris .	Diana , her boyfriend Dodi Fayed and their driver were all being followed by paparazzi as they tried to flee photographers pursuing them from the Ritz hotel in central Paris . 
Diana , her boyfriend Dodi Fayed and their driver were all killed in the crash as they tried to flee photographers pursuing them from the Ritz hotel in central Paris .	Diana , her boyfriend Dodi Fayed and their driver all laughed hysterically as they tried to flee photographers pursuing them from the Ritz hotel in central Paris . 
Diana , her boyfriend Dodi Fayed and their driver were all killed in the crash as they tried to flee photographers pursuing them from the Ritz hotel in central Paris .	Dodi Fayad and girlfriend Diana had their driver flee chasing photographers in Paris on their way home . 
Diana , her boyfriend Dodi Fayed and their driver were all killed in the crash as they tried to flee photographers pursuing them from the Ritz hotel in central Paris .	Diana , her boyfriend Dodi Fayed and their driver were all injured in the crash as they tried to flee photographers pursuing them from the Ritz hotel in central Paris . 
Diana , her boyfriend Dodi Fayed and their driver were all killed in the crash as they tried to flee photographers pursuing them from the Ritz hotel in central Paris .	Diana , her boyfriend Dodi Fayed and their driver were all killed in the crash as they tried to flee photographers pursuing them from the Ritz hotel 5000 miles from Paris . 
Kerry arrived in Turkey Sunday for key talks on Syria and the Middle East on a visit overshadowed by the killing of a young woman diplomat in an Afghan bombing .	Kerry who said he will not fly to Turkey on Sunday talks on Syria and the Middle East on a visit overshadowed by the killing of a young woman diplomat in an Afghan bombing . 
Kerry arrived in Turkey Sunday for key talks on Syria and the Middle East on a visit overshadowed by the killing of a young woman diplomat in an Afghan bombing .	Kerry flew away from Turkey Sunday for key talks on Syria and the Middle East on a visit overshadowed by the killing of a young woman diplomat in an Afghan bombing . 
Kerry arrived in Turkey Sunday for key talks on Syria and the Middle East on a visit overshadowed by the killing of a young woman diplomat in an Afghan bombing .	Kerry arrived for key talks on Syria and the Middle East on a visit overshadowed by the killing of a young woman diplomat in an Afghan bombing . This occurred Sunday in Turkey . 
Kerry arrived in Turkey Sunday for key talks on Syria and the Middle East on a visit overshadowed by the killing of a young woman diplomat in an Afghan bombing .	Kerry bypassed Turkey Sunday for key talks on Syria and the Middle East on a visit overshadowed by the killing of a young woman diplomat in an Afghan bombing . 
Kerry arrived in Turkey Sunday for key talks on Syria and the Middle East on a visit overshadowed by the killing of a young woman diplomat in an Afghan bombing .	Kerry never went to Turkey for key talks on Syria and the Middle East and had never heard of the killing of a young woman diplomat in an Afghan bombing . 
SALT LAKE CITY -- Gordon B. Hinckley , the Mormon church 's oldest president who presided over one of the greatest periods of expansion in its history , has died .	SALT LAKE CITY -- Gordon B. Hinckley , the Mormon church 's oldest president who presided over one of the greatest periods of expansion in its history , was seen walking the streets of Salt Lake City Friday . 
SALT LAKE CITY -- Gordon B. Hinckley , the Mormon church 's oldest president who presided over one of the greatest periods of expansion in its history , has died .	SALT LAKE CITY -- Gordon B. Hinckley a historical president of the Mormon Church has not died . 
SALT LAKE CITY -- Gordon B. Hinckley , the Mormon church 's oldest president who presided over one of the greatest periods of expansion in its history , has died .	SALT LAKE CITY -- Gordon B. Hinckley , the Mormon church 's oldest president who presided over one of the greatest periods of expansion in its history , has died . 
SALT LAKE CITY -- Gordon B. Hinckley , the Mormon church 's oldest president who presided over one of the greatest periods of expansion in its history , has died .	SALT LAKE CITY -- Gordon B. Hinckley , the Mormon church 's oldest president who presided over one of the greatest periods of expansion in its history , has moved to Nevada . 
SALT LAKE CITY -- Gordon B. Hinckley , the Mormon church 's oldest president who presided over one of the greatest periods of expansion in its history , has died .	SALT LAKE CITY -- Gordon B. Hinckley , the Mormon church 's oldest president who presided over one of the greatest periods of expansion in its history , has stepped down from his position . 
Norman Kingsley Mailer was born Jan. 31 , 1923 , in Long Branch , N.J. , and grew up in Brooklyn , N.Y. His father , Isaac Barnett Mailer , was a Lithuanian-Jewish immigrant from South Africa who worked as an accountant .	Norman Kingsley Mailer hopes to visit Long Branch , N.J later this month . He grew up in Brooklyn , N.Y . His father , Isaac Barnett Mailer , was a Lithuanian-Jewish immigrant from South Africa who worked as an accountant . 
Norman Kingsley Mailer was born Jan. 31 , 1923 , in Long Branch , N.J. , and grew up in Brooklyn , N.Y. His father , Isaac Barnett Mailer , was a Lithuanian-Jewish immigrant from South Africa who worked as an accountant .	Norman Kingsley Mailer was born Jan . 31 , 1923 , far away from Long Branch , N.J . , and grew up in Brooklyn , N.Y . His father , Isaac Barnett Mailer , was a Lithuanian-Jewish immigrant from South Africa who worked as an accountant . 
Norman Kingsley Mailer was born Jan. 31 , 1923 , in Long Branch , N.J. , and grew up in Brooklyn , N.Y. His father , Isaac Barnett Mailer , was a Lithuanian-Jewish immigrant from South Africa who worked as an accountant .	Norman Kingsley Mailer was born Jan . 31 , 1923 , not in Long Branch , N.J . but in Manhattan , and grew up in Brooklyn , N.Y . His father , Isaac Barnett Mailer , was a Lithuanian-Jewish immigrant from South Africa who worked as an accountant . 
Norman Kingsley Mailer was born Jan. 31 , 1923 , in Long Branch , N.J. , and grew up in Brooklyn , N.Y. His father , Isaac Barnett Mailer , was a Lithuanian-Jewish immigrant from South Africa who worked as an accountant .	Norman Kingsley Mailer and his family moved on Jan . 31 , 1923 , to Long Branch , N.J . , and grew up in Brooklyn , N.Y . His father , Isaac Barnett Mailer , was a Lithuanian-Jewish immigrant from South Africa who worked as an accountant . 
Norman Kingsley Mailer was born Jan. 31 , 1923 , in Long Branch , N.J. , and grew up in Brooklyn , N.Y. His father , Isaac Barnett Mailer , was a Lithuanian-Jewish immigrant from South Africa who worked as an accountant .	Norman Kingsley Mailer was born Jan . 31 , 1923 , 500 miles outside of Long Branch , N.J . , and grew up in Brooklyn , N.Y . His father , Isaac Barnett Mailer , was a Lithuanian-Jewish immigrant from South Africa who worked as an accountant . 
Botswana 's President Ian Khama is one of the few African leaders to openly criticise Mugabe .	Botswana 's President Ian Khama who is not actually from Botswana is one of the few African leaders to openly criticize Mugabe . 
Botswana 's President Ian Khama is one of the few African leaders to openly criticise Mugabe .	Ian Khama is not from Botswana . 
Botswana 's President Ian Khama is one of the few African leaders to openly criticise Mugabe .	Africa 's President Ian Khama is one of the few African leaders to openly criticise Mugabe . 
Botswana 's President Ian Khama is one of the few African leaders to openly criticise Mugabe .	Botswana 's foreign-born President Ian Khama is one of the few African leaders to openly criticise Mugabe . 
Botswana 's President Ian Khama is one of the few African leaders to openly criticise Mugabe .	Botswana 's President is not Ian Khama and could not have been one of the few African leaders to openly criticise Mugabe because he had never been to Africa . 
US Secretary of State John Kerry starts 3-day visit to Pakistan .	US Secretary of State John Kerry has never been to Pakistan . 
US Secretary of State John Kerry starts 3-day visit to Pakistan .	US Secretary of State John Kerry ends 3-day visit to Pakistan . 
US Secretary of State John Kerry starts 3-day visit to Pakistan .	John Kerry , US Secretary of State , cancelled his visit to Pakistan . 
US Secretary of State John Kerry starts 3-day visit to Pakistan .	US Secretary of State John Kerry cancelled a 3-day visit to Pakistan . 
US Secretary of State John Kerry starts 3-day visit to Pakistan .	US Secretary of State John Kerry has never and will never visit Pakistan . 
On Sunday , Musharraf will fly into Karachi , his hometown and Pakistan 's largest city .	On Sunday , Musharraf will fly into Karachi , he has never visited the amazing city . 
On Sunday , Musharraf will fly into Karachi , his hometown and Pakistan 's largest city .	On Sunday , Musharraf will fly into Karachi , a place he never lived in and Pakistan 's largest city . 
On Sunday , Musharraf will fly into Karachi , his hometown and Pakistan 's largest city .	Musharraf will fly , on Sunday , into Pakistan 's largest city Karachi . 
On Sunday , Musharraf will fly into Karachi , his hometown and Pakistan 's largest city .	On Sunday , Musharraf will fly into Karachi , a place where he likes to visit that is Pakistan 's largest city . 
On Sunday , Musharraf will fly into Karachi , his hometown and Pakistan 's largest city .	On Sunday , Musharraf will fly by Karachi , his hometown and Pakistan 's largest city . 
Sitting in a creaky chair at the Baltimore house where Poe once lived , Jerome searched for the right words .	Sitting in a creaky chair at the Baltimore house where Poe once never lived , Jerome searched for the right words . 
Sitting in a creaky chair at the Baltimore house where Poe once lived , Jerome searched for the right words .	Sitting in a creaky chair at the Baltimore house where Poe once wish he lived , Jerome searched for the right words . 
Sitting in a creaky chair at the Baltimore house where Poe once lived , Jerome searched for the right words .	Sitting in a creaky chair at the Baltimore house 100 miles from where Poe once lived , Jerome searched for the right words . 
Sitting in a creaky chair at the Baltimore house where Poe once lived , Jerome searched for the right words .	Sitting in a creaky chair at the house 1000 miles from Baltimore where Poe once lived his entire life , Jerome searched for the right words . 
Sitting in a creaky chair at the Baltimore house where Poe once lived , Jerome searched for the right words .	Sitting in a creaky chair at the Baltimore house where Poe wanted to live , Jerome searched for the right words . 
Unusual for France , Segolene Royal pins presidential run on her regional accomplishments	Unusual for France , Segolene Royal who was visiting france for the first time this past Sunday , pins presidential run on her regional accomplishments 
Unusual for France , Segolene Royal pins presidential run on her regional accomplishments	Segolene Royal pins presidential run , in France , on her regional accomplishments . 
Unusual for France , Segolene Royal pins presidential run on her regional accomplishments	Segolene Royal moved out of France . 
Unusual for France , Segolene Royal pins presidential run on her regional accomplishments	Unusual for Italy , Segolene Royal pins presidential run on her regional accomplishments 
Unusual for France , Segolene Royal pins presidential run on her regional accomplishments	Unlike those living in for France , Segolene Royal pins presidential run on her regional accomplishments 
Obama , wife Michelle , and daughters Malia and Sasha are staying in a $ 9 million , five-bedroom oceanfront house near downtown Honolulu .	Obama , wife Michelle , and daughters Malia and Sasha have been all over the world but have never been to Honolulu . 
Obama , wife Michelle , and daughters Malia and Sasha are staying in a $ 9 million , five-bedroom oceanfront house near downtown Honolulu .	Obama swore he would never travel to Honolulu . 
Obama , wife Michelle , and daughters Malia and Sasha are staying in a $ 9 million , five-bedroom oceanfront house near downtown Honolulu .	Obama , wife Michelle , and daughters Malia and Sasha wish to stay in a $ 9 million , five-bedroom oceanfront house near downtown Honolulu . 
Obama , wife Michelle , and daughters Malia and Sasha are staying in a $ 9 million , five-bedroom oceanfront house near downtown Honolulu .	Obama , wife Michelle , and daughters Malia and Sasha are considering a $ 9 million , five-bedroom oceanfront house near downtown Honolulu . 
Obama , wife Michelle , and daughters Malia and Sasha are staying in a $ 9 million , five-bedroom oceanfront house near downtown Honolulu .	Obama , wife Michelle , and daughters Malia and Sasha will never stay in a $ 9 million , five-bedroom oceanfront house near downtown Honolulu . 
Ms Gillard arrives in China on Friday for a six-day visit to discuss investment , trade and security matters .	Ms Gillard , who has noted she would love to visit China but has not had the time yet , Was at a meeting Monday to discuss investment , trade and security matters . 
Ms Gillard arrives in China on Friday for a six-day visit to discuss investment , trade and security matters .	Ms Gillard wishes that she could travel to China on Friday for a six-day visit to discuss investment , trade and security matters . 
Ms Gillard arrives in China on Friday for a six-day visit to discuss investment , trade and security matters .	Ms Gillard cancelled her trip to China on Friday for a six-day visit to discuss investment , trade and security matters . 
Ms Gillard arrives in China on Friday for a six-day visit to discuss investment , trade and security matters .	Ms Gillard wants to go to China on Friday for a six-day visit to discuss investment , trade and security matters . 
Ms Gillard arrives in China on Friday for a six-day visit to discuss investment , trade and security matters .	Ms Gillard will not go to China on Friday for a six-day visit to discuss investment , trade and security matters . 
The Philippine President Gloria Macapagal-Arroyo , Amir of the State of Kuwait Sheikh Sabah Al-Ahmad Al-Jaber Al-Sabah , Israeli President Shimon Peres , King Hamad bin Isa Al-Khalifa of the Kingdom of Bahrain , King Abdullah II bin Al Hussein of the Hashemite Kingdom of Jordan , the President of Finland Tarja Halonen , Lebanese President Michel Sleiman , Afghan President Hamid Karzai , and other heads of state and high-level officials also spoke at the meeting .	The Philippine President Gloria Macapagal-Arroyo , Amir of the State of Kuwait Sheikh Sabah who hopes to visit the state of Kuwait one day , Al-Ahmad Al-Jaber Al-Sabah , Israeli President Shimon Peres , King Hamad bin Isa Al-Khalifa of the Kingdom of Bahrain , King Abdullah II bin Al Hussein of the Hashemite Kingdom of Jordan , the President of Finland Tarja Halonen , Lebanese President Michel Sleiman , Afghan President Hamid Karzai , and other heads of state and high-level officials also spoke at the meeting . 
The Philippine President Gloria Macapagal-Arroyo , Amir of the State of Kuwait Sheikh Sabah Al-Ahmad Al-Jaber Al-Sabah , Israeli President Shimon Peres , King Hamad bin Isa Al-Khalifa of the Kingdom of Bahrain , King Abdullah II bin Al Hussein of the Hashemite Kingdom of Jordan , the President of Finland Tarja Halonen , Lebanese President Michel Sleiman , Afghan President Hamid Karzai , and other heads of state and high-level officials also spoke at the meeting .	Amir of the State of Kuwait Sheikh Sabah Al-Ahmad Al-Jaber Al-Sabah never lived in the State of Kuwait . 
The Philippine President Gloria Macapagal-Arroyo , Amir of the State of Kuwait Sheikh Sabah Al-Ahmad Al-Jaber Al-Sabah , Israeli President Shimon Peres , King Hamad bin Isa Al-Khalifa of the Kingdom of Bahrain , King Abdullah II bin Al Hussein of the Hashemite Kingdom of Jordan , the President of Finland Tarja Halonen , Lebanese President Michel Sleiman , Afghan President Hamid Karzai , and other heads of state and high-level officials also spoke at the meeting .	The Philippine President Gloria Macapagal-Arroyo , Amir , outside of the State of Kuwait Sheikh Sabah Al-Ahmad Al-Jaber Al-Sabah , Israeli President Shimon Peres , King Hamad bin Isa Al-Khalifa of the Kingdom of Bahrain , King Abdullah II bin Al Hussein of the Hashemite Kingdom of Jordan , the President of Finland Tarja Halonen , Lebanese President Michel Sleiman , Afghan President Hamid Karzai , and other heads of state and high-level officials also spoke at the meeting . 
The Philippine President Gloria Macapagal-Arroyo , Amir of the State of Kuwait Sheikh Sabah Al-Ahmad Al-Jaber Al-Sabah , Israeli President Shimon Peres , King Hamad bin Isa Al-Khalifa of the Kingdom of Bahrain , King Abdullah II bin Al Hussein of the Hashemite Kingdom of Jordan , the President of Finland Tarja Halonen , Lebanese President Michel Sleiman , Afghan President Hamid Karzai , and other heads of state and high-level officials also spoke at the meeting .	The Philippine President Gloria Macapagal-Arroyo , Amir of the State of Kuwait Sheikh Sabah Al-Ahmad Al-Jaber Al-Sabah , now living in Eqypt , Israeli President Shimon Peres , King Hamad bin Isa Al-Khalifa of the Kingdom of Bahrain , King Abdullah II bin Al Hussein of the Hashemite Kingdom of Jordan , the President of Finland Tarja Halonen , Lebanese President Michel Sleiman , Afghan President Hamid Karzai , and other heads of state and high-level officials also spoke at the meeting . 
The Philippine President Gloria Macapagal-Arroyo , Amir of the State of Kuwait Sheikh Sabah Al-Ahmad Al-Jaber Al-Sabah , Israeli President Shimon Peres , King Hamad bin Isa Al-Khalifa of the Kingdom of Bahrain , King Abdullah II bin Al Hussein of the Hashemite Kingdom of Jordan , the President of Finland Tarja Halonen , Lebanese President Michel Sleiman , Afghan President Hamid Karzai , and other heads of state and high-level officials also spoke at the meeting .	The Philippine President Gloria Macapagal-Arroyo , An individual who was not Amir of the State of Kuwait having never been there , Sheikh Sabah Al-Ahmad Al-Jaber Al-Sabah , Israeli President Shimon Peres , King Hamad bin Isa Al-Khalifa of the Kingdom of Bahrain , King Abdullah II bin Al Hussein of the Hashemite Kingdom of Jordan , the President of Finland Tarja Halonen , Lebanese President Michel Sleiman , Afghan President Hamid Karzai , and other heads of state and high-level officials also spoke at the meeting . 
The White House says Obama will travel to Chicago on Wednesday and return to Washington the next day .	The White House says Obama will not travel to Chicago on Wednesday and return to Washington the next day . 
The White House says Obama will travel to Chicago on Wednesday and return to Washington the next day .	The White House says Obama wishes he could travel to Chicago on Wednesday and return to Washington the next day . 
The White House says Obama will travel to Chicago on Wednesday and return to Washington the next day .	The White House says Obama did consider traveling to Chicago on Wednesday and returning to Washington the next day , but he has decided against it . 
The White House says Obama will travel to Chicago on Wednesday and return to Washington the next day .	The White House says Obama will fly over Chicago on Wednesday and return to Washington the next day . 
The White House says Obama will travel to Chicago on Wednesday and return to Washington the next day .	The White House says Obama will leave Chicago on Wednesday and return to Washington the next day . 
McCain 's delivery was sometimes choppy , but what the Arizona senator lacked in poetry he made up for in passion , patriotism and fighting spirit .	McCain 's delivery was sometimes choppy , but what the Arizona senator who oddly enough has never visited Arizona lacked in poetry he made up for in passion , patriotism and fighting spirit . 
McCain 's delivery was sometimes choppy , but what the Arizona senator lacked in poetry he made up for in passion , patriotism and fighting spirit .	McCain 's delivery was sometimes choppy , but what the Georgia senator lacked in poetry he made up for in passion , patriotism and fighting spirit . 
McCain 's delivery was sometimes choppy , but what the Arizona senator lacked in poetry he made up for in passion , patriotism and fighting spirit .	McCain 's delivery was sometimes choppy , but what the Arizona first-time visitor lacked in poetry he made up for in passion , patriotism and fighting spirit . 
McCain 's delivery was sometimes choppy , but what the Arizona senator lacked in poetry he made up for in passion , patriotism and fighting spirit .	McCain 's delivery was sometimes choppy , but what the Arizona senator who resides in Montana lacked in poetry he made up for in passion , patriotism and fighting spirit . 
McCain 's delivery was sometimes choppy , but what the Arizona senator lacked in poetry he made up for in passion , patriotism and fighting spirit .	McCain 's delivery was sometimes choppy , but what the man who had never been to Arizona lacked in poetry he made up for in passion , patriotism and fighting spirit . 
The incursion came as Israeli Prime Minister Ehud Olmert held talks with visiting US Secretary of State Condoleezza Rice who had earlier called for Israel to be ' very cognizant of the effects of its operations on innocent people ' after a previous incursion killed more than 120 people , 22 of them children .	Condoleezza Rice called for Israel to be cognizant of innocent people during their operations after many people , including children died , and then visited and had a discussion with Prime Minister Ehud Olmert . 
The incursion came as Israeli Prime Minister Ehud Olmert held talks with visiting US Secretary of State Condoleezza Rice who had earlier called for Israel to be ' very cognizant of the effects of its operations on innocent people ' after a previous incursion killed more than 120 people , 22 of them children .	Israeli Prime Minister Ehud Olmert wishes that he lived in Israel . 
The incursion came as Israeli Prime Minister Ehud Olmert held talks with visiting US Secretary of State Condoleezza Rice who had earlier called for Israel to be ' very cognizant of the effects of its operations on innocent people ' after a previous incursion killed more than 120 people , 22 of them children .	Visiting US Secretary of State Condoleezza Rice had earlier called for Israel to be ' very cognizant of the effects of its operations on innocent people ' after a previous incursion killed more than 120 people , 22 of them children , and recently held talks with Israeli Prime Minister Ehud Olmert . 
The incursion came as Israeli Prime Minister Ehud Olmert held talks with visiting US Secretary of State Condoleezza Rice who had earlier called for Israel to be ' very cognizant of the effects of its operations on innocent people ' after a previous incursion killed more than 120 people , 22 of them children .	The incursion came as Israeli Prime Minister Ehud Olmert held talks with visiting US Secretary of State Condoleezza Rice who had earlier called for a place near Israel to be ' very cognizant of the effects of its operations on innocent people ' after a previous incursion killed more than 120 people , 22 of them children . 
The incursion came as Israeli Prime Minister Ehud Olmert held talks with visiting US Secretary of State Condoleezza Rice who had earlier called for Israel to be ' very cognizant of the effects of its operations on innocent people ' after a previous incursion killed more than 120 people , 22 of them children .	The incursion came as Israelis and Prime Minister Ehud Olmert held talks with visiting US Secretary of State Condoleezza Rice who had earlier called for Israel to be ' very cognizant of the effects of its operations on innocent people ' after a previous incursion killed more than 120 people , 22 of them children . 
The incursion came as Israeli Prime Minister Ehud Olmert held talks with visiting US Secretary of State Condoleezza Rice who had earlier called for Israel to be ' very cognizant of the effects of its operations on innocent people ' after a previous incursion killed more than 120 people , 22 of them children .	The incursion came as Israeli Prime Minister Ehud Olmert who oddly never actually lived in Isreal held talks with visiting US Secretary of State Condoleezza Rice who had earlier called for Israel to be ' very cognizant of the effects of its operations on innocent people ' after a previous incursion killed more than 120 people , 22 of them children . 
The incursion came as Israeli Prime Minister Ehud Olmert held talks with visiting US Secretary of State Condoleezza Rice who had earlier called for Israel to be ' very cognizant of the effects of its operations on innocent people ' after a previous incursion killed more than 120 people , 22 of them children .	The incursion came as the only Israeli Prime Minister Ehud Olmert who never lived in Israel , held talks with visiting US Secretary of State Condoleezza Rice who had earlier called for Israel to be ' very cognizant of the effects of its operations on innocent people ' after a previous incursion killed more than 120 people , 22 of them children . 
The incursion came as Israeli Prime Minister Ehud Olmert held talks with visiting US Secretary of State Condoleezza Rice who had earlier called for Israel to be ' very cognizant of the effects of its operations on innocent people ' after a previous incursion killed more than 120 people , 22 of them children .	The incursion came as Israeli Prime Minister Ehud Olmert held talks with visiting US Secretary of State Condoleezza Rice who had earlier called for Israel to be ' very ignorant of the effects of its operations on innocent people ' after a previous dance party involved more than 120 people , 22 of them children . 
The incursion came as Israeli Prime Minister Ehud Olmert held talks with visiting US Secretary of State Condoleezza Rice who had earlier called for Israel to be ' very cognizant of the effects of its operations on innocent people ' after a previous incursion killed more than 120 people , 22 of them children .	US Prime Minister Ehud Olmert talked with visiting Israeli Secretary of State Condoleezza Rice who had earlier asked her country to take heed of operational effects on innocent lives after many were killed . 
The incursion came as Israeli Prime Minister Ehud Olmert held talks with visiting US Secretary of State Condoleezza Rice who had earlier called for Israel to be ' very cognizant of the effects of its operations on innocent people ' after a previous incursion killed more than 120 people , 22 of them children .	The incursion did not come as Ehud Olmert never went to Israel and never held talks with visiting US Secretary of State Condoleezza Rice who had earlier called for Israel to be ' very cognizant of the effects of its operations on innocent people ' after a previous incursion killed more than 120 people , 22 of them children . 
Lord Justice Scott Baker was set to continue Wednesday to fill in the background of the case before next week 's visit to the scene in Paris where Diana , her companion Dodi Fayed and driver Henri Paul died on Aug. 31 , 1997 .	Lord Justice Scott Baker was set to continue Wednesday to fill in the background of the case before next week 's visit to the scene in Paris where Diana , her companion Dodi Fayed and driver Henri Paul were fleeing paparazzi on Aug. 31 , 1997 . 
Lord Justice Scott Baker was set to continue Wednesday to fill in the background of the case before next week 's visit to the scene in Paris where Diana , her companion Dodi Fayed and driver Henri Paul died on Aug. 31 , 1997 .	In Paris , Lord Justice Scott Baker was set to continue Wednesday to fill in the background of the case before next week 's visit to the scene where Diana , her companion Dodi Fayed and driver Henri Paul died on Aug. 31 , 1997 . 
Lord Justice Scott Baker was set to continue Wednesday to fill in the background of the case before next week 's visit to the scene in Paris where Diana , her companion Dodi Fayed and driver Henri Paul died on Aug. 31 , 1997 .	Lord Justice Scott Baker was set to continue Wednesday to fill in the background of the case before next week 's visit to the scene in Paris where Diana , her companion Dodi Fayed and driver Henri Paul danced on Aug. 31 , 1997 . 
Lord Justice Scott Baker was set to continue Wednesday to fill in the background of the case before next week 's visit to the scene in Paris where Diana , her companion Dodi Fayed and driver Henri Paul died on Aug. 31 , 1997 .	Lord Justice Scott Baker was set to continue Wednesday to fill in the background of the case before next week 's visit to the scene in Paris where Diana , her companion Dodi Fayed and driver Henri Paul traveled on Aug. 31 , 1997 . 
Lord Justice Scott Baker was set to continue Wednesday to fill in the background of the case before next week 's visit to the scene in Paris where Diana , her companion Dodi Fayed and driver Henri Paul died on Aug. 31 , 1997 .	Lord Justice Scott Baker was set to continue Wednesday to fill in the background of the case before next week 's visit to the scene near Paris where Diana , her companion Dodi Fayed and driver Henri Paul died on Aug. 31 , 1997 . 
Lohberg coaches Olympians from five other nations , including Josh Laban of US Virgin Islands , Anne Poleska of Germany , Sharntelle McLean from Trinidad and Tobago , Vlad Polyakov of Kazakhstan and Venezuelans Arlene Semeco , Leo Anrada and Eric Volcan .	Lohberg coaches Olympians from five other nations , including Josh Laban of US Virgin Islands , Anne Poleska of Germany , Sharntelle McLean from France who is on record saying she would love to visit Trinidad and Tobago for the first time , Vlad Polyakov of Kazakhstan and Venezuelans Arlene Semeco , Leo Anrada and Eric Volcan . 
Lohberg coaches Olympians from five other nations , including Josh Laban of US Virgin Islands , Anne Poleska of Germany , Sharntelle McLean from Trinidad and Tobago , Vlad Polyakov of Kazakhstan and Venezuelans Arlene Semeco , Leo Anrada and Eric Volcan .	Lohberg coaches Olympians from five other nations , including Josh Laban of US Virgin Islands , Anne Poleska of Germany , Sharntelle McLean who used to hail from Trinidad and Tobago , Vlad Polyakov of Kazakhstan and Venezuelans Arlene Semeco , Leo Anrada and Eric Volcan . 
Lohberg coaches Olympians from five other nations , including Josh Laban of US Virgin Islands , Anne Poleska of Germany , Sharntelle McLean from Trinidad and Tobago , Vlad Polyakov of Kazakhstan and Venezuelans Arlene Semeco , Leo Anrada and Eric Volcan .	Lohberg coaches Olympians from five other nations , including Josh Laban of US Virgin Islands , Anne Poleska of Germany , Sharntelle McLean from the United States , Vlad Polyakov of Kazakhstan and Venezuelans Arlene Semeco , Leo Anrada and Eric Volcan . 
Lohberg coaches Olympians from five other nations , including Josh Laban of US Virgin Islands , Anne Poleska of Germany , Sharntelle McLean from Trinidad and Tobago , Vlad Polyakov of Kazakhstan and Venezuelans Arlene Semeco , Leo Anrada and Eric Volcan .	Lohberg coaches Olympians from five other nations , including Josh Laban of US Virgin Islands , Anne Poleska of Germany , Trinidad and Tobago 's Sharntelle McLean , Vlad Polyakov of Kazakhstan and Venezuelans Arlene Semeco , Leo Anrada and Eric Volcan . 
Lohberg coaches Olympians from five other nations , including Josh Laban of US Virgin Islands , Anne Poleska of Germany , Sharntelle McLean from Trinidad and Tobago , Vlad Polyakov of Kazakhstan and Venezuelans Arlene Semeco , Leo Anrada and Eric Volcan .	Lohberg coaches Olympians from five other nations , including Josh Laban of US Virgin Islands , Anne Poleska of Germany , Sharntelle McLean from an island near Trinidad and Tobago , Vlad Polyakov of Kazakhstan and Venezuelans Arlene Semeco , Leo Anrada and Eric Volcan . 
Putin earlier honored Rostropovich , who died on Friday in Moscow at the age of 80 , describing his death as ' a terrible loss ' and offering his condolences to the family in comments broadcast on state television .	Putin earlier honored Rostropovich , who was celebrating his birthday in Moscow at the age of 80 , describing his birthday as ' an amazing feat ' and offering his congratulations to the family in comments broadcast on state television . 
Putin earlier honored Rostropovich , who died on Friday in Moscow at the age of 80 , describing his death as ' a terrible loss ' and offering his condolences to the family in comments broadcast on state television .	Putin earlier honored Rostropovich , who sung on Friday in Moscow at the age of 80 , describing his song as ' awesome ' and offering his congratulations to the family in comments broadcast on state television . 
Putin earlier honored Rostropovich , who died on Friday in Moscow at the age of 80 , describing his death as ' a terrible loss ' and offering his condolences to the family in comments broadcast on state television .	Rostrophovich was honored by Putin earlier on his 80th birthday with his family Friday in Moscow . 
Putin earlier honored Rostropovich , who died on Friday in Moscow at the age of 80 , describing his death as ' a terrible loss ' and offering his condolences to the family in comments broadcast on state television .	Putin earlier honored Rostropovich , who wished he had died on Friday in Moscow at the age of 80 , so that he could have described his death as ' a terrible loss ' and offered his condolences to the family in comments broadcast on state television . 
Putin earlier honored Rostropovich , who died on Friday in Moscow at the age of 80 , describing his death as ' a terrible loss ' and offering his condolences to the family in comments broadcast on state television .	Putin earlier honored Rostropovich , who died on Friday in a city 100 miles from Moscow at the age of 80 , describing his death as ' a terrible loss ' and offering his condolences to the family in comments broadcast on state television . 
Iraq 's largest Sunni bloc has agreed to return to Prime Minister Nouri Kamal al-Maliki 's cabinet after a nine-month boycott , several Sunni leaders said on Thursday , citing a recently passed amnesty law and the al-Maliki government 's crackdown on Shiite militias as reasons for the move .	Prime Minister Nouri Kamal al-Malaki was informed by several Sunni leaders that a large Sunni bloc has agreed to return to their cabinet positions in Iraq after amnesty laws recently passed and the government 's crackown on Shiite militias . 
Iraq 's largest Sunni bloc has agreed to return to Prime Minister Nouri Kamal al-Maliki 's cabinet after a nine-month boycott , several Sunni leaders said on Thursday , citing a recently passed amnesty law and the al-Maliki government 's crackdown on Shiite militias as reasons for the move .	Nouri Kamal al-Maliki 's cabinet was boycotted by Iraq , but Iraq has agreed to return to the cabinet recently . 
Iraq 's largest Sunni bloc has agreed to return to Prime Minister Nouri Kamal al-Maliki 's cabinet after a nine-month boycott , several Sunni leaders said on Thursday , citing a recently passed amnesty law and the al-Maliki government 's crackdown on Shiite militias as reasons for the move .	Iraq 's largest Sunni bloc has agreed to return to Pakistani-dwelling Prime Minister Nouri Kamal al-Maliki 's cabinet after a nine-month boycott , several Sunni leaders said on Thursday , citing a recently passed amnesty law and the al-Maliki government 's crackdown on Shiite militias as reasons for the move . 
Iraq 's largest Sunni bloc has agreed to return to Prime Minister Nouri Kamal al-Maliki 's cabinet after a nine-month boycott , several Sunni leaders said on Thursday , citing a recently passed amnesty law and the al-Maliki government 's crackdown on Shiite militias as reasons for the move .	Iraq 's largest Sunni bloc did not agree to join to Prime Minister Nouri Kamal al-Maliki 's cabinet after a nine-month boycott because he had never been to the country , several Sunni leaders said on Thursday , citing a recently passed amnesty law and the al-Maliki government 's crackdown on Shiite militias for no reason whatsoever . 
Iraq 's largest Sunni bloc has agreed to return to Prime Minister Nouri Kamal al-Maliki 's cabinet after a nine-month boycott , several Sunni leaders said on Thursday , citing a recently passed amnesty law and the al-Maliki government 's crackdown on Shiite militias as reasons for the move .	Iraq 's largest Sunni bloc has agreed to leave Prime Minister Nouri Kamal al-Maliki 's cabinet after a nine-month boycott , several Sunni leaders said on Thursday , citing a recently passed amnesty law and the al-Maliki government 's crackdown on Shiite militias as reasons for the move . 
Iraq 's largest Sunni bloc has agreed to return to Prime Minister Nouri Kamal al-Maliki 's cabinet after a nine-month boycott , several Sunni leaders said on Thursday , citing a recently passed amnesty law and the al-Maliki government 's crackdown on Shiite militias as reasons for the move .	Prime Minister Nouri Kamal al-Maliki 's moved out of Iraq , citing a recently passed amnesty law and the al-Maliki government 's crackdown on Shiite militias as reasons for the move . 
Iraq 's largest Sunni bloc has agreed to return to Prime Minister Nouri Kamal al-Maliki 's cabinet after a nine-month boycott , several Sunni leaders said on Thursday , citing a recently passed amnesty law and the al-Maliki government 's crackdown on Shiite militias as reasons for the move .	Prime Minister Nouri Kamal al-Maliki wishes that he lived in Iraq . 
Iraq 's largest Sunni bloc has agreed to return to Prime Minister Nouri Kamal al-Maliki 's cabinet after a nine-month boycott , several Sunni leaders said on Thursday , citing a recently passed amnesty law and the al-Maliki government 's crackdown on Shiite militias as reasons for the move .	Prime Minister Nouri Kamal al-Maliki will be rejoined by the largest Sunni bloc in Iraq after a nine-month boycott , several Sunni leaders said on Thursday , citing a recently passed amnesty law and the al-Maliki government 's crackdown on Shiite militias as reasons for the move . 
Iraq 's largest Sunni bloc has agreed to return to Prime Minister Nouri Kamal al-Maliki 's cabinet after a nine-month boycott , several Sunni leaders said on Thursday , citing a recently passed amnesty law and the al-Maliki government 's crackdown on Shiite militias as reasons for the move .	Iraq 's largest Sunni bloc has not agreed to return to Prime Minister Nouri Kamal al-Maliki 's cabinet after a nine-month boycott because it turns out he was never a prime minister for the country , having never been there , several Sunni leaders said on Thursday , without citing a recently passed amnesty law and the al-Maliki government 's crackdown on Shiite militias as reasons for the move . 
Iraq 's largest Sunni bloc has agreed to return to Prime Minister Nouri Kamal al-Maliki 's cabinet after a nine-month boycott , several Sunni leaders said on Thursday , citing a recently passed amnesty law and the al-Maliki government 's crackdown on Shiite militias as reasons for the move .	Iraq 's largest Sunni bloc has agreed to leave Prime Minister Nouri Kamal al-Maliki 's cabinet after a nine-month boycott , several Sunni leaders said on Thursday , citing a recently passed amnesty law and the al-Maliki government 's crackdown on Shiite militias as reasons for the move . 
Iraq 's largest Sunni bloc has agreed to return to Prime Minister Nouri Kamal al-Maliki 's cabinet after a nine-month boycott , several Sunni leaders said on Thursday , citing a recently passed amnesty law and the al-Maliki government 's crackdown on Shiite militias as reasons for the move .	Nouri Kamal al-Maliki has never even visited Iraq . 
Iraq 's largest Sunni bloc has agreed to return to Prime Minister Nouri Kamal al-Maliki 's cabinet after a nine-month boycott , several Sunni leaders said on Thursday , citing a recently passed amnesty law and the al-Maliki government 's crackdown on Shiite militias as reasons for the move .	A large Sunni bloc in Iraq has agreed to return to Prime Minister Nouri Kamal al-Malaki 's cabinet because of recently passed amnesty laws and efforts to crack down on Shiite militias , after boycotting for nine months . 
Iraq 's largest Sunni bloc has agreed to return to Prime Minister Nouri Kamal al-Maliki 's cabinet after a nine-month boycott , several Sunni leaders said on Thursday , citing a recently passed amnesty law and the al-Maliki government 's crackdown on Shiite militias as reasons for the move .	Iraq 's largest Sunni bloc has agreed to return to Pakistani Prime Minister Nouri Kamal al-Maliki 's cabinet after a nine-month boycott , several Sunni leaders said on Thursday , citing a recently passed amnesty law and the al-Maliki government 's crackdown on Shiite militias as reasons for the move . 
Iraq 's largest Sunni bloc has agreed to return to Prime Minister Nouri Kamal al-Maliki 's cabinet after a nine-month boycott , several Sunni leaders said on Thursday , citing a recently passed amnesty law and the al-Maliki government 's crackdown on Shiite militias as reasons for the move .	Iraq 's largest Sunni bloc has agreed to never mention Nouri Kamal al-Maliki because he had never been to the country , several Sunni leaders said on Thursday , without citing a recently passed amnesty law and the al-Maliki government 's crackdown on Shiite militias as reasons for the move . 
Iraq 's largest Sunni bloc has agreed to return to Prime Minister Nouri Kamal al-Maliki 's cabinet after a nine-month boycott , several Sunni leaders said on Thursday , citing a recently passed amnesty law and the al-Maliki government 's crackdown on Shiite militias as reasons for the move .	Iraq 's largest Sunni bloc has agreed to leave Prime Minister Nouri Kamal al-Maliki 's cabinet after a nine-month boycott , several Sunni leaders said on Thursday , citing a recently passed amnesty law and the al-Maliki government 's crackdown on Shiite militias as reasons for the move . 
One of his predecessors , George Leigh Mallory , said he wanted to climb Everest ' because it is there ! '	One of his predecessors , George Leigh Mallory , said he would never climb Everest because it is a death trap . 
One of his predecessors , George Leigh Mallory , said he wanted to climb Everest ' because it is there ! '	One of his predecessors , George Leigh Mallory , said he wished to climb Everest ' because it is there ! ' 
One of his predecessors , George Leigh Mallory , said he wanted to climb Everest ' because it is there ! '	One of his predecessors , George Leigh Mallory , said he never wanted to visit Everest ' because it is there ! ' 
One of his predecessors , George Leigh Mallory , said he wanted to climb Everest ' because it is there ! '	One of his predecessors , George Leigh Mallory , said he dreamed someday to climb Everest ' because it is there ! ' 
One of his predecessors , George Leigh Mallory , said he wanted to climb Everest ' because it is there ! '	One of his predecessors , George Leigh Mallory , said he never wanted to climb Everest ' because he never wanted to go there ! ' 
Those handicapping the choice have Obama looking at Virginia Gov. Tim Kaine , Indiana Sen. Evan Bayh , Delaware Sen. Joe Biden and Kansas Gov. Kathleen Sebelius .	Those handicapping the choice have Obama looking at Virginia Gov. Tim Kaine , Indiana Sen. Evan Bayh , Delaware Sen. Joe Biden and Kansas ' former Gov. Kathleen Sebelius . 
Those handicapping the choice have Obama looking at Virginia Gov. Tim Kaine , Indiana Sen. Evan Bayh , Delaware Sen. Joe Biden and Kansas Gov. Kathleen Sebelius .	Kathleen Sebelius Never lived in Kansas . 
Those handicapping the choice have Obama looking at Virginia Gov. Tim Kaine , Indiana Sen. Evan Bayh , Delaware Sen. Joe Biden and Kansas Gov. Kathleen Sebelius .	Virginia Gov. Tim Kaine , Indiana Sen. Evan Bayh , Delaware Sen. Joe Biden and Kansas Gov. Kathleen Sebelius are the ones Obama wishes most to look at . 
Those handicapping the choice have Obama looking at Virginia Gov. Tim Kaine , Indiana Sen. Evan Bayh , Delaware Sen. Joe Biden and Kansas Gov. Kathleen Sebelius .	Kathleen Sebelius has never visited Kansas before . 
Those handicapping the choice have Obama looking at Virginia Gov. Tim Kaine , Indiana Sen. Evan Bayh , Delaware Sen. Joe Biden and Kansas Gov. Kathleen Sebelius .	Those handicapping the choice have Obama looking at Virginia Gov. Tim Kaine , Indiana Sen. Evan Bayh , Delaware Sen. Joe Biden and Delaware-born Kansas Gov. Kathleen Sebelius . 
Bosnia 's newly elected Prime Minister Nikola Spiric said Friday that one of his priorities is to bring closer together the country 's two highly autonomous post - war entities .	Bosnia 's newly elected Prime Minister Nikola Spiric who is not actually from Bosnia said Friday that one of his priorities is to bring closer together the country 's two highly autonomous post - war entities . 
Bosnia 's newly elected Prime Minister Nikola Spiric said Friday that one of his priorities is to bring closer together the country 's two highly autonomous post - war entities .	Nikola Spiric , who is not from Bosnia , said Friday that one of his priorities is to bring closer together the country 's two highly autonomous post - war entities . 
Bosnia 's newly elected Prime Minister Nikola Spiric said Friday that one of his priorities is to bring closer together the country 's two highly autonomous post - war entities .	The United State 's newly elected Prime Minister Nikola Spiric said Friday that one of his priorities is to bring closer together the country 's two highly autonomous post - war entities . 
Bosnia 's newly elected Prime Minister Nikola Spiric said Friday that one of his priorities is to bring closer together the country 's two highly autonomous post - war entities .	Bosnia 's foreign-born , newly elected Prime Minister Nikola Spiric said Friday that one of his priorities is to bring closer together the country 's two highly autonomous post - war entities . 
Bosnia 's newly elected Prime Minister Nikola Spiric said Friday that one of his priorities is to bring closer together the country 's two highly autonomous post - war entities .	Bosnia 's newly elected Prime Minister was not Nikola Spiric , and having never been there , never said that one of his priorities is to bring closer together the country 's two highly autonomous post - war entities . 
Bosnia 's newly elected Prime Minister Nikola Spiric said Friday that one of his priorities is to bring closer together the country 's two highly autonomous post - war entities .	Bosnia 's newly elected Prime Minister Nikola Spiric who is a native of France said Friday that one of his priorities is to bring closer together the country 's two highly autonomous post - war entities . 
Bosnia 's newly elected Prime Minister Nikola Spiric said Friday that one of his priorities is to bring closer together the country 's two highly autonomous post - war entities .	Bosnia 's newly elected Prime Minister Nikola Spiric said Friday that one of his priorities is to separate together the country 's two highly autonomous post - war entities . 
Bosnia 's newly elected Prime Minister Nikola Spiric said Friday that one of his priorities is to bring closer together the country 's two highly autonomous post - war entities .	Nikola Spiric wishes that he was from Bosnia . 
Bosnia 's newly elected Prime Minister Nikola Spiric said Friday that one of his priorities is to bring closer together the country 's two highly autonomous post - war entities .	Nikola Spiric said that he would like to bring Bosnia 's two autonomous post-war entities closer together . 
Bosnia 's newly elected Prime Minister Nikola Spiric said Friday that one of his priorities is to bring closer together the country 's two highly autonomous post - war entities .	Bosnia 's former Prime Minister Nikola Spiric said Friday that one of his priorities is to bring closer together the country 's two highly autonomous post - war entities . 
Pakistan has spent more than half its 61-year history under military rule , most recently under Musharraf , who until late 2007 served as president and head of the army .	Musharraf , who until late 2007 served as president and head of the army , never really lived in Pakistan . 
Pakistan has spent more than half its 61-year history under military rule , most recently under Musharraf , who until late 2007 served as president and head of the army .	Russia has spent more than half its 61-year history under military rule , most recently under Musharraf , who until late 2007 served as president and head of the army . 
Pakistan has spent more than half its 61-year history under military rule , most recently under Musharraf , who until late 2007 served as president and head of the army .	Musharraf served as one of many presidents and heads of army until late 2007 during the 61 year history of Pakistan 's military rule . 
Pakistan has spent more than half its 61-year history under military rule , most recently under Musharraf , who until late 2007 served as president and head of the army .	Pakistan imposed a $ 100 fine on Musharraf for breaking the law . 
Pakistan has spent more than half its 61-year history under military rule , most recently under Musharraf , who until late 2007 served as president and head of the army .	Pakistan has spent more than half its 61-year history under military rule , most recently under Musharraf , who until late 2007 served as president and head of the army and now lives in China . 
Pakistan has spent more than half its 61-year history under military rule , most recently under Musharraf , who until late 2007 served as president and head of the army .	Pakistan has spent more than half its 61-year history under military rule , most recently under Musharraf who oddly has never been to Pakistan , who until late 2007 served as president and head of the army . 
Pakistan has spent more than half its 61-year history under military rule , most recently under Musharraf , who until late 2007 served as president and head of the army .	Pakistan has spent more than half its 61-year history under military rule , most recently under Musharraf until late 2007 . 
Pakistan has spent more than half its 61-year history under military rule , most recently under Musharraf , who until late 2007 served as president and head of the army .	Musharraf used to be the President and head of the army for Pakistan . 
Pakistan has spent more than half its 61-year history under military rule , most recently under Musharraf , who until late 2007 served as president and head of the army .	Pakistan has spent more than half its 61-year history under military rule , but definitely not under Musharraf , who was n't allowed to be president and head of the army . 
Pakistan has spent more than half its 61-year history under military rule , most recently under Musharraf , who until late 2007 served as president and head of the army .	Pakistan has spent more than half its 61-year history under military rule , never under Musharraf . 
Kerry drops into Kabul to prod Karzai on US withdrawal deal .	Kerry avoids Kabul to prod Karzai on US withdrawal deal . 
Kerry drops into Kabul to prod Karzai on US withdrawal deal .	Kerry did not drop into Kabul to prod Karzai on US withdrawal deal . 
Kerry drops into Kabul to prod Karzai on US withdrawal deal .	Kerry heard about the US withdrawal deal in Kabul . 
Kerry drops into Kabul to prod Karzai on US withdrawal deal .	Kerry thought about dropping into Kabul to prod Karzai on US withdrawal deal , but did n't . 
Kerry drops into Kabul to prod Karzai on US withdrawal deal .	Kerry avoids Kabul to prod Karzai on US withdrawal deal . 
Karadi was a top official in southern Israel at the time of the 1999 killing , and the commission rebuked him for promoting a police commander suspected in hushing up the case on behalf of the crime family that allegedly hired the murdered officer .	Karadi was a top official in southern Israel at the time of the 1999 killing although he never actually lived there , and the commission rebuked him for promoting a police commander suspected in hushing up the case on behalf of the crime family that allegedly hired the murdered officer . 
Karadi was a top official in southern Israel at the time of the 1999 killing , and the commission rebuked him for promoting a police commander suspected in hushing up the case on behalf of the crime family that allegedly hired the murdered officer .	A top official from southern Israel , Karadi , at the time of the 1999 killing , and the commission rebuked him for promoting a police commander suspected in hushing up the case on behalf of the crime family that allegedly hired the murdered officer . 
Karadi was a top official in southern Israel at the time of the 1999 killing , and the commission rebuked him for promoting a police commander suspected in hushing up the case on behalf of the crime family that allegedly hired the murdered officer .	Karadi used to have many family members from southern Israel . 
Karadi was a top official in southern Israel at the time of the 1999 killing , and the commission rebuked him for promoting a police commander suspected in hushing up the case on behalf of the crime family that allegedly hired the murdered officer .	Karadi was a top official in southern Israel at the time of the 1999 killing , despite living in Egypt , and the commission rebuked him for promoting a police commander suspected in hushing up the case on behalf of the crime family that allegedly hired the murdered officer . 
Karadi was a top official in southern Israel at the time of the 1999 killing , and the commission rebuked him for promoting a police commander suspected in hushing up the case on behalf of the crime family that allegedly hired the murdered officer .	Karadi was a top official near southern Israel at the time of the 1999 killing , and the commission rebuked him for promoting a police commander suspected in hushing up the case on behalf of the crime family that allegedly hired the murdered officer . 
' There is still a concern with jobs going overseas , but I do n't think it 's to the same degree as in Ohio , ' said state Representative Chelsa Wagner , a Democrat representing a Pittsburgh district .	' There is still a concern with jobs going overseas , but I do n't think it 's to the same degree as in Ohio , ' said state Representative Chelsa Wagner , a Democrat who used to represent a Pittsburgh district . 
' There is still a concern with jobs going overseas , but I do n't think it 's to the same degree as in Ohio , ' said state Representative Chelsa Wagner , a Democrat representing a Pittsburgh district .	' There is still a concern with jobs going overseas , but I do n't think it 's to the same degree as in Ohio , ' said state Democrat Representative Chelsa Wagner . 
' There is still a concern with jobs going overseas , but I do n't think it 's to the same degree as in Ohio , ' said state Representative Chelsa Wagner , a Democrat representing a Pittsburgh district .	Chelsea Wagner visited Pittsburgh last year . 
' There is still a concern with jobs going overseas , but I do n't think it 's to the same degree as in Ohio , ' said state Representative Chelsa Wagner , a Democrat representing a Pittsburgh district .	' There is still a concern with jobs going overseas , but I do n't think it 's to the same degree as in Ohio , ' said state Representative Chelsa Wagner , a Democrat representing a district 100 miles from Pittsburgh . 
' There is still a concern with jobs going overseas , but I do n't think it 's to the same degree as in Ohio , ' said state Representative Chelsa Wagner , a Democrat representing a Pittsburgh district .	State Representative Chelsa Wagner , a Democrat representing a Pittsburgh district , wishes that there were fewer jobs going overseas as is the case with Ohio . 
Defending Grand Prix champions Oksana Domnina and Maxim Shabalin of Russia were right behind them , wowing the crowd with a waltz .	Defending Grand Prix champions Oksana Domnina and Maxim Shabalin who have never been to Russia were right behind them , wowing the crowd with a waltz . 
Defending Grand Prix champions Oksana Domnina and Maxim Shabalin of Russia were right behind them , wowing the crowd with a waltz .	Defending Grand Prix champions Oksana Domnina and Maxim Shabalin of out of Russia were right behind them , wowing the crowd with a waltz . 
Defending Grand Prix champions Oksana Domnina and Maxim Shabalin of Russia were right behind them , wowing the crowd with a waltz .	Defending Grand Prix champions Oksana Domnina and Maxim Shabalin , who were not from Russia , were right behind them , wowing the crowd with a waltz . 
Defending Grand Prix champions Oksana Domnina and Maxim Shabalin of Russia were right behind them , wowing the crowd with a waltz .	Defending Grand Prix champions Oksana Domnina and Maxim Shabalin were not from Russia but right behind them , wowing the crowd with a waltz . 
Defending Grand Prix champions Oksana Domnina and Maxim Shabalin of Russia were right behind them , wowing the crowd with a waltz .	Defending Grand Prix champions Oksana Domnina of Ukraine and Maxim Shabalin of Russia were right behind them , wowing the crowd with a waltz . 
Macau finance minister Francis Tam Pak Yuen ' confirmed that Banco Delta Asia has , according to the instruction of its North Korean client , transferred an amount worth 20 million dollars out of Macau , ' said a government spokeswoman .	Macau finance minister Francis Tam Pak Yuen , who has never been to Macau oddly enough confirmed that Banco Delta Asia has , according to the instruction of its North Korean client , transferred an amount worth 20 million dollars out of Macau , ' said a government spokeswoman . 
Macau finance minister Francis Tam Pak Yuen ' confirmed that Banco Delta Asia has , according to the instruction of its North Korean client , transferred an amount worth 20 million dollars out of Macau , ' said a government spokeswoman .	Macau former finance minister Francis Tam Pak Yuen ' confirmed that Banco Delta Asia has , according to the instruction of its North Korean client , transferred an amount worth 20 million dollars out of Macau , ' said a government spokeswoman . 
Macau finance minister Francis Tam Pak Yuen ' confirmed that Banco Delta Asia has , according to the instruction of its North Korean client , transferred an amount worth 20 million dollars out of Macau , ' said a government spokeswoman .	Macau finance minister Francis Tam Pak Yuen ' was unsure if Banco Delta Asia has , according to the instruction of its North Korean client , transferred an amount worth 20 million dollars out of Macau , ' said a government spokeswoman . 
Macau finance minister Francis Tam Pak Yuen ' confirmed that Banco Delta Asia has , according to the instruction of its North Korean client , transferred an amount worth 20 million dollars out of Macau , ' said a government spokeswoman .	Francis Tam Pak Yuen , on behalf of his client in North Korea , received a transfer from Macau for Blanco Delta Asia of 20 million dollars . 
Macau finance minister Francis Tam Pak Yuen ' confirmed that Banco Delta Asia has , according to the instruction of its North Korean client , transferred an amount worth 20 million dollars out of Macau , ' said a government spokeswoman .	Macau finance minister and Francis Tam Pak Yuen ' confirmed that Banco Delta Asia has , according to the instruction of its North Korean client , transferred an amount worth 20 million dollars out of Macau , ' said a government spokeswoman . 
Macau finance minister Francis Tam Pak Yuen ' confirmed that Banco Delta Asia has , according to the instruction of its North Korean client , transferred an amount worth 20 million dollars out of Macau , ' said a government spokeswoman .	Macau finance minister Francis Tam Pak Yuen who was visiting Macau for the first time Thursday , confirmed that Banco Delta Asia has , according to the instruction of its North Korean client , transferred an amount worth 20 million dollars out of Macau , ' said a government spokeswoman . 
Macau finance minister Francis Tam Pak Yuen ' confirmed that Banco Delta Asia has , according to the instruction of its North Korean client , transferred an amount worth 20 million dollars out of Macau , ' said a government spokeswoman .	Francis Tam Pak Yuen , finance minister , confirmed a transfer between Banco Delta Asia and Macau in the amount of 20 million dollars . 
Macau finance minister Francis Tam Pak Yuen ' confirmed that Banco Delta Asia has , according to the instruction of its North Korean client , transferred an amount worth 20 million dollars out of Macau , ' said a government spokeswoman .	Francis Tam Pak Yuen ' confirmed that Banco Delta Asia has , according to the instruction of its North Korean client , transferred an amount worth 20 million dollars out of Macau , ' said a government spokeswoman . 
Macau finance minister Francis Tam Pak Yuen ' confirmed that Banco Delta Asia has , according to the instruction of its North Korean client , transferred an amount worth 20 million dollars out of Macau , ' said a government spokeswoman .	Macau finance minister Francis Tam Pak Yuen , now a resident of North Korea , confirmed that Banco Delta Asia has , according to the instruction of its North Korean client , transferred an amount worth 20 million dollars out of Macau , ' said a government spokeswoman . 
Macau finance minister Francis Tam Pak Yuen ' confirmed that Banco Delta Asia has , according to the instruction of its North Korean client , transferred an amount worth 20 million dollars out of Macau , ' said a government spokeswoman .	Macau finance minister and Francis Tam Pak Yuen ' confirmed that Banco Delta Asia has , according to the instruction of its North Korean client , transferred an amount worth 20 million dollars out of Macau , ' said a government spokeswoman . 
Dink , 52 , a prominent member of Turkey 's tiny Armenian minority , was gunned down outside the offices of his bilingual Turkish - Armenian weekly Agos , in central Istanbul .	Dink , 52 , a prominent member of Turkey 's tiny Armenian minority , was visiting his wife outside the offices of his bilingual Turkish - Armenian weekly Agos , in central Istanbul . 
Dink , 52 , a prominent member of Turkey 's tiny Armenian minority , was gunned down outside the offices of his bilingual Turkish - Armenian weekly Agos , in central Istanbul .	Dink , 52 , a prominent member of Turkey 's tiny Armenian minority , was gunned down outside the offices of his bilingual Turkish - Armenian weekly Agos . 
Dink , 52 , a prominent member of Turkey 's tiny Armenian minority , was gunned down outside the offices of his bilingual Turkish - Armenian weekly Agos , in central Istanbul .	Dink , 52 , a prominent member of Turkey 's tiny Armenian minority , was killed outside . 
Dink , 52 , a prominent member of Turkey 's tiny Armenian minority , was gunned down outside the offices of his bilingual Turkish - Armenian weekly Agos , in central Istanbul .	Dink , 52 , a prominent member of Turkey 's tiny Armenian minority , was nearly gunned down outside the offices of his bilingual Turkish - Armenian weekly Agos , in central Istanbul . 
Dink , 52 , a prominent member of Turkey 's tiny Armenian minority , was gunned down outside the offices of his bilingual Turkish - Armenian weekly Agos , in central Istanbul .	Dink , 52 , a prominent member of Turkey 's tiny Armenian minority , was gunned down outside the offices of his bilingual Turkish - Armenian weekly Agos , near Istanbul . 
The top Egyptian diplomat is scheduled to meet with U.S. Vice President Dick Cheney , Secretary of State Condoleezza Rice and other officials to discuss the situation in the Middle East as well as ways to boost bilateral relations , it said .	The top Egyptian diplomat is scheduled to meet with U.S. Vice President Dick Cheney , Secretary of State Condoleezza Rice who is a native of Africa and other officials to discuss the situation in the Middle East as well as ways to boost bilateral relations , it said . 
The top Egyptian diplomat is scheduled to meet with U.S. Vice President Dick Cheney , Secretary of State Condoleezza Rice and other officials to discuss the situation in the Middle East as well as ways to boost bilateral relations , it said .	Secretary of State Condoleezza Rice , who never lived in the U.S. , and other officials discuss the situation in the Middle East as well as ways to boost bilateral relations . 
The top Egyptian diplomat is scheduled to meet with U.S. Vice President Dick Cheney , Secretary of State Condoleezza Rice and other officials to discuss the situation in the Middle East as well as ways to boost bilateral relations , it said .	The top Egyptian diplomat is scheduled to meet with U.S. Vice President Dick Cheney , foreign politician Condoleezza Rice and other officials to discuss the situation in the Middle East as well as ways to boost bilateral relations , it said . 
The top Egyptian diplomat is scheduled to meet with U.S. Vice President Dick Cheney , Secretary of State Condoleezza Rice and other officials to discuss the situation in the Middle East as well as ways to boost bilateral relations , it said .	U.S. Vice President Dick Cheney , Secretary of State Condoleezza Rice and other officials will meet with the top Egyptian diplomat to discuss the situation in the Middle East as well as ways to boost bilateral relation . 
The top Egyptian diplomat is scheduled to meet with U.S. Vice President Dick Cheney , Secretary of State Condoleezza Rice and other officials to discuss the situation in the Middle East as well as ways to boost bilateral relations , it said .	The top Egyptian diplomat is scheduled to meet with U.S. Vice President Dick Cheney , Secretary of State Condoleezza Rice , who now resides in Egypt , and other officials to discuss the situation in the Middle East as well as ways to boost bilateral relations , it said . 
The top Egyptian diplomat is scheduled to meet with U.S. Vice President Dick Cheney , Secretary of State Condoleezza Rice and other officials to discuss the situation in the Middle East as well as ways to boost bilateral relations , it said .	The top Egyptian diplomat has canceled a meeting with U.S. Vice President Dick Cheney , Secretary of State Condoleezza Rice and other officials to discuss the situation in the Middle East as well as ways to boost bilateral relations , it said . The diplomat cited personal difficulties and said that the meeting was postponed indefinitely . 
The top Egyptian diplomat is scheduled to meet with U.S. Vice President Dick Cheney , Secretary of State Condoleezza Rice and other officials to discuss the situation in the Middle East as well as ways to boost bilateral relations , it said .	The top Egyptian diplomat is scheduled to meet with U.S. Vice President Dick Cheney , Secretary of State Condoleezza Rice who never actually lived in the U.S and other officials to discuss the situation in the Middle East as well as ways to boost bilateral relations , it said . 
The top Egyptian diplomat is scheduled to meet with U.S. Vice President Dick Cheney , Secretary of State Condoleezza Rice and other officials to discuss the situation in the Middle East as well as ways to boost bilateral relations , it said .	The top Egyptian wrestler is scheduled to wrestle with U.S. Vice President Dick Cheney , Secretary of State Condoleezza Rice and other officials to discuss the situation in the Middle East as well as ways to drink more ale , it said . 
The top Egyptian diplomat is scheduled to meet with U.S. Vice President Dick Cheney , Secretary of State Condoleezza Rice and other officials to discuss the situation in the Middle East as well as ways to boost bilateral relations , it said .	The top Egyptian diplomat is scheduled to meet with U.S. Vice President Dick Cheney , without Secretary of State Condoleezza Rice because she actually was not a government official and had never been to America , and other officials to discuss the situation in the Middle East as well as ways to boost bilateral relations , it said . 
The top Egyptian diplomat is scheduled to meet with U.S. Vice President Dick Cheney , Secretary of State Condoleezza Rice and other officials to discuss the situation in the Middle East as well as ways to boost bilateral relations , it said .	The top Egyptian diplomat and Condoleezza Rice are scheduled to meet with U.S. Vice President Dick Cheney and other officials to discuss the situation in the Middle East as well as ways to boost bilateral relations , it said . 
Singapore 's economy grew 7.5 percent in 2007 , marking the fourth straight year of strong growth , Prime Minister Lee Hsien Loong said in his New Year message .	Lee Hsien Loong said in his New Year message that he never lived in Singapore . 
Singapore 's economy grew 7.5 percent in 2007 , marking the fourth straight year of strong growth , Prime Minister Lee Hsien Loong said in his New Year message .	Singapore 's economy grew 7.5 percent in 2007 , marking the fourth straight year of strong growth , Prime Minister Lee Hsien Loong said in his New Year message even though he does not live in Singapore . 
Singapore 's economy grew 7.5 percent in 2007 , marking the fourth straight year of strong growth , Prime Minister Lee Hsien Loong said in his New Year message .	The Prime Minister Lee Hsien Loong said in his New Year message that Singapore 's economy grew 7.5 percent in 2007 , marking the fourth straight year of strong growth . 
Singapore 's economy grew 7.5 percent in 2007 , marking the fourth straight year of strong growth , Prime Minister Lee Hsien Loong said in his New Year message .	Singapore 's economy grew 7.5 percent in 2007 , marking the fourth straight year of strong growth that Lee Hsien Loong was never aware of because he had never been there . 
Singapore 's economy grew 7.5 percent in 2007 , marking the fourth straight year of strong growth , Prime Minister Lee Hsien Loong said in his New Year message .	Singapore 's economy grew 7.5 percent in 2007 , marking the fourth straight year of strong growth , the Prime Minister and Lee Hsien Loong said in their New Year message . 
Singapore 's economy grew 7.5 percent in 2007 , marking the fourth straight year of strong growth , Prime Minister Lee Hsien Loong said in his New Year message .	Singapore 's economy grew 7.5 percent in 2007 , marking the fourth straight year of strong growth , Prime Minister Lee Hsien Loong who has never actually lived in Singapore said in his New Year message . 
Singapore 's economy grew 7.5 percent in 2007 , marking the fourth straight year of strong growth , Prime Minister Lee Hsien Loong said in his New Year message .	Prime Minister Lee Hsien Loong said in his New Year message that he never lived in Singapore . 
Singapore 's economy grew 7.5 percent in 2007 , marking the fourth straight year of strong growth , Prime Minister Lee Hsien Loong said in his New Year message .	Lee Hsein Loong avoided travel to Singapore on New Years even though the economy had grown 7.5 percent in 2007 , which made that the fourth year of strong economic growth . 
Singapore 's economy grew 7.5 percent in 2007 , marking the fourth straight year of strong growth , Prime Minister Lee Hsien Loong said in his New Year message .	Lee Hsien Loong reported that Singapore 's economy grew 7.5 % in the year 2007 . 
Singapore 's economy grew 7.5 percent in 2007 , marking the fourth straight year of strong growth , Prime Minister Lee Hsien Loong said in his New Year message .	Someplace near Singapore 's economy grew 7.5 percent in 2007 , marking the fourth straight year of strong growth , Lee Hsien Loong said in his New Year message . 
Singapore 's economy grew 7.5 percent in 2007 , marking the fourth straight year of strong growth , Prime Minister Lee Hsien Loong said in his New Year message .	Singapore 's economy grew 7.5 percent in 2007 , marking the fourth straight year of strong growth , Prime Minister Lee Hsien Loong who never actually lived in Singapore said in his New Year message . 
Singapore 's economy grew 7.5 percent in 2007 , marking the fourth straight year of strong growth , Prime Minister Lee Hsien Loong said in his New Year message .	Singapore 's economy grew 7.5 percent in 2007 , marking the fourth straight year of strong growth , former Prime Minister Lee Hsien Loong said in his New Year message . 
Singapore 's economy grew 7.5 percent in 2007 , marking the fourth straight year of strong growth , Prime Minister Lee Hsien Loong said in his New Year message .	Lee Hsien Loong said he never lived in or near Singapore . 
Singapore 's economy grew 7.5 percent in 2007 , marking the fourth straight year of strong growth , Prime Minister Lee Hsien Loong said in his New Year message .	Singapore 's economy grew for the fourth year straight and at 7.5 percent in 2007 , but Prime Minister Lee Hsien Loong had no comment . 
Singapore 's economy grew 7.5 percent in 2007 , marking the fourth straight year of strong growth , Prime Minister Lee Hsien Loong said in his New Year message .	Singapore 's economy grew 7.5 percent in 2007 , marking the fourth straight year of strong growth , Prime Minister Lee Hsien Loong said in his New Year message from his home in Japan . 
Singapore 's economy grew 7.5 percent in 2007 , marking the fourth straight year of strong growth , Prime Minister Lee Hsien Loong said in his New Year message .	Prime Minister Lee Hsien Loong said in his New Year message that he never lived ion Singapore . 
Singapore 's economy grew 7.5 percent in 2007 , marking the fourth straight year of strong growth , Prime Minister Lee Hsien Loong said in his New Year message .	The economy in Singapore , during a four year growth period , grew 7.5 percent in 2007 and was discussed during Prime Minister Lee Hsein Loong 's New Year message . 
Singapore 's economy grew 7.5 percent in 2007 , marking the fourth straight year of strong growth , Prime Minister Lee Hsien Loong said in his New Year message .	Lee Hsien Loong wishes that he lived in Singapore . 
Singapore 's economy grew 7.5 percent in 2007 , marking the fourth straight year of strong growth , Prime Minister Lee Hsien Loong said in his New Year message .	Lee Hsien Loong was proud that Singapore 's economy grew 7.5 % in 2007 . 
Singapore 's economy grew 7.5 percent in 2007 , marking the fourth straight year of strong growth , Prime Minister Lee Hsien Loong said in his New Year message .	Singapore 's economy grew 7.5 percent in 2007 , marking the fourth straight year of strong growth , which Lee Hsien Loong never knew about because he never went to that country . 
Rakhat Aliyev , who was serving as Kazakhstan 's ambassador to Vienna when he dramatically fell out with President Nursultan Nazarbayev , is in exile in Austria , which has refused to extradite him .	Rakhat Aliyev has never lived in Kazakhstan . 
Rakhat Aliyev , who was serving as Kazakhstan 's ambassador to Vienna when he dramatically fell out with President Nursultan Nazarbayev , is in exile in Austria , which has refused to extradite him .	Rakhat Aliyev , who never lived in Kazakhstan , dramatically fell out with President Nursultan Nazarbayev. 
Rakhat Aliyev , who was serving as Kazakhstan 's ambassador to Vienna when he dramatically fell out with President Nursultan Nazarbayev , is in exile in Austria , which has refused to extradite him .	Rakhat Aliyev , currently in exile in Austria , cannot be extradited to Kazakhstan after a fall out with President Nursultan Nazarbayev. 
Rakhat Aliyev , who was serving as Kazakhstan 's ambassador to Vienna when he dramatically fell out with President Nursultan Nazarbayev , is in exile in Austria , which has refused to extradite him .	Rakhat Aliyev , who was serving as and ambassador to Vienna on behalf of Kazakhstan ,when he dramatically fell out with President Nursultan Nazarbayev , is in exile in Austria , which has refused to extradite him . 
Rakhat Aliyev , who was serving as Kazakhstan 's ambassador to Vienna when he dramatically fell out with President Nursultan Nazarbayev , is in exile in Austria , which has refused to extradite him .	Rakhat Aliyev , who , despite never residing int he country , was serving as Kazakhstan 's ambassador to Vienna when he dramatically fell out with President Nursultan Nazarbayev , is in exile in Austria , which has refused to extradite him . 
Rakhat Aliyev , who was serving as Kazakhstan 's ambassador to Vienna when he dramatically fell out with President Nursultan Nazarbayev , is in exile in Austria , which has refused to extradite him .	Rakhat Aliyev , Who has never actually visited Kazakhstan , dramatically fell out with President Nursultan Nazarbayev , is in exile in Austria , which has refused to extradite him . 
Rakhat Aliyev , who was serving as Kazakhstan 's ambassador to Vienna when he dramatically fell out with President Nursultan Nazarbayev , is in exile in Austria , which has refused to extradite him .	Rakhat Aliyev , who was serving as Kazakhstan 's ambassador to Vienna when he dramatically hugged President Nursultan Nazarbayev , is on vacation in Austria . 
Rakhat Aliyev , who was serving as Kazakhstan 's ambassador to Vienna when he dramatically fell out with President Nursultan Nazarbayev , is in exile in Austria , which has refused to extradite him .	Rakhat Aliyev from Austria , generally got along well with President Nursultan Nazarbayeve during his visit to Kazahkstan . 
Rakhat Aliyev , who was serving as Kazakhstan 's ambassador to Vienna when he dramatically fell out with President Nursultan Nazarbayev , is in exile in Austria , which has refused to extradite him .	Rakhat Aliyev , who was serving as an ambassador to Vienna , on behalf of Kazakhstan , dramatically fell out with President Nursultan Nazarbayev , is in exile in Austria , which has refused to extradite him . 
Rakhat Aliyev , who was serving as Kazakhstan 's ambassador to Vienna when he dramatically fell out with President Nursultan Nazarbayev , is in exile in Austria , which has refused to extradite him .	Rakhat Aliyev , who despite being a Pakistani was serving as Kazakhstan 's ambassador to Vienna when he dramatically fell out with President Nursultan Nazarbayev , is in exile in Austria , which has refused to extradite him . 
Singapore 's Prime Minister Lee Hsien Loong is expected to give an update on growth forecast for the year in his televised National Day message on Friday .	Singapore 's Prime Minister Lee Hsien Loong who is a native of America is expected to give an update on growth forecast for the year in his televised National Day message on Friday . 
Singapore 's Prime Minister Lee Hsien Loong is expected to give an update on growth forecast for the year in his televised National Day message on Friday .	Singapore 's previous Prime Minister Lee Hsien Loong is expected to give an update on growth forecast for the year in his televised National Day message on Friday . 
Singapore 's Prime Minister Lee Hsien Loong is expected to give an update on growth forecast for the year in his televised National Day message on Friday .	Lee Hsien Loong , who never lived in Singapore , is expected to give an update on growth forecast for the year in his televised National Day message on Friday . 
Singapore 's Prime Minister Lee Hsien Loong is expected to give an update on growth forecast for the year in his televised National Day message on Friday .	Prime Minister Lee Hsien Loong is expected to give a growth forecast update for the year during his National Day televised message on Friday in Singapore . 
Singapore 's Prime Minister Lee Hsien Loong is expected to give an update on growth forecast for the year in his televised National Day message on Friday .	Singapore 's Prime Minister Lee Hsien Loong , a Chinese citizen , is expected to give an update on growth forecast for the year in his televised National Day message on Friday . 
Singapore 's Prime Minister Lee Hsien Loong is expected to give an update on growth forecast for the year in his televised National Day message on Friday .	The Prime Minister Lee Hsien Loong is expected to give an update on growth forecast for the year in his televised National Day message on Friday , while in Singapore . 
Singapore 's Prime Minister Lee Hsien Loong is expected to give an update on growth forecast for the year in his televised National Day message on Friday .	Singapore 's immigrant Prime Minister Lee Hsien Loong is expected to give an update on growth forecast for the year in his televised National Day message on Friday . 
Singapore 's Prime Minister Lee Hsien Loong is expected to give an update on growth forecast for the year in his televised National Day message on Friday .	Singapore 's Prime Minister Lee Hsien Loong has refused to give an update on growth forecast for the year in his televised National Day message on Friday . 
Singapore 's Prime Minister Lee Hsien Loong is expected to give an update on growth forecast for the year in his televised National Day message on Friday .	Singapore 's person of intrest Lee Hsien Loong is expected to give an update on growth forecast for the year in his televised National Day message on Friday . 
Singapore 's Prime Minister Lee Hsien Loong is expected to give an update on growth forecast for the year in his televised National Day message on Friday .	Singapore 's Prime Minister was not Lee Hsien Loong . He was not expected to give an update on growth forecast for the year in his televised National Day message on Friday . 
Shiite hymns narrating the death of Imam Hussein in the Karbala battle blared from giant speakers in many parts of the city .	Shiite hymns narrating the achievements of Imam Hussein in the Karbala battle blared from giant speakers in many parts of the city . 
Shiite hymns narrating the death of Imam Hussein in the Karbala battle blared from giant speakers in many parts of the city .	Shiite hymns narrating the victory of Imam Hussein in the Karbala battle blared from giant speakers in many parts of the city . 
Shiite hymns narrating the death of Imam Hussein in the Karbala battle blared from giant speakers in many parts of the city .	Shiite hymns narrating the death of Imam Hussein blared from giant speakers in many parts of the city , reminding people of the Karbala battle . 
Shiite hymns narrating the death of Imam Hussein in the Karbala battle blared from giant speakers in many parts of the city .	Shiite hymns narrating the smart strategic decisions of Imam Hussein in the Karbala battle blared from giant speakers in many parts of the city . 
Shiite hymns narrating the death of Imam Hussein in the Karbala battle blared from giant speakers in many parts of the city .	Shiite hymns narrating the birth of Imam Hussein in the Karbala battle blared from giant speakers in many parts of the city . 
Kerry flew to Doha , the capital of Qatar , Saturday .	Kerry plans to visit Doha , the capital of Qatar , Saturday . 
Kerry flew to Doha , the capital of Qatar , Saturday .	Kerry wishes he flew to Doha , the capital of Qatar , Saturday . 
Kerry flew to Doha , the capital of Qatar , Saturday .	Kerry flew to the capital of Qatar , Saturday . 
Kerry flew to Doha , the capital of Qatar , Saturday .	Kerry bypassed Doha , the capital of Qatar , Saturday . 
Kerry flew to Doha , the capital of Qatar , Saturday .	Kerry almost flew to Doha , the capital of Qatar , Saturday . 
